<?xml version="1.0" encoding="UTF-8" standalone="no" ?>
<SimscapeMultibodyImportXML version="2.0" xmlns="urn:mathworks:SimscapeMultibody:import" xmlns:xsi="http://www.w3.org/2001/XMLSchema-instance">
<Created by="" on="04/17/24||15:58:26" using="Simscape Multibody Link Version 7.4" from="SolidWorks 31.2.1"/>
<ModelUnits mass="kilogram" length="millimeter"/>
<DataUnits mass="kilogram" length="meter"/>
<RootAssembly name="modelomk3" uid="modelomk3" version="134">
<AssemblyFile name="modelomk3.SLDASM" type="SolidWorks Assembly"/>
<InstanceTree>
<Instance name="pernadois-4" uid="pernadois-4" entityUid="pernadois*:*Default">
<Transform>
<Rotation>1 0 0 0 1 0 0 0 1</Rotation>
<Translation>0.030268576705820598 -0.068908246634276957 0.049612134160704494</Translation>
</Transform>
</Instance>
<Instance name="pernadois-3" uid="pernadois-3" entityUid="pernadois*:*Default">
<Transform>
<Rotation>1 0 0 0 1 0 0 0 1</Rotation>
<Translation>-0.05373142329417941 -0.06869054685038499 0.049612134160704507</Translation>
</Transform>
</Instance>
<Instance name="pernadois-1" uid="pernadois-1" entityUid="pernadois*:*Default">
<Transform>
<Rotation>1 0 0 0 1 0 0 0 1</Rotation>
<Translation>0.030268576705820598 -0.068908246634276957 -0.030387865839295505</Translation>
</Transform>
</Instance>
<Instance name="pernadois-2" uid="pernadois-2" entityUid="pernadois*:*Default">
<Transform>
<Rotation>1 0 0 0 1 0 0 0 1</Rotation>
<Translation>-0.05373142329417941 -0.06869054685038499 -0.030387865839295501</Translation>
</Transform>
</Instance>
<Instance name="corpomk3-1" uid="corpomk3-1" grounded="true" entityUid="corpomk3*:*Default">
<Transform>
<Rotation>1 0 0 0 1 0 0 0 1</Rotation>
<Translation>-0.011731423294179408 -0.0050363501793617618 0.0096121341607044997</Translation>
</Transform>
</Instance>
<Instance name="pernamk3-1" uid="pernamk3-1" entityUid="pernamk3*:*Default">
<Transform>
<Rotation>1 0 0 0 1 0 0 0 1</Rotation>
<Translation>-0.05373142329417941 -0.020872531429514181 0.039612134160704512</Translation>
</Transform>
</Instance>
<Instance name="pernamk3-2" uid="pernamk3-2" entityUid="pernamk3*:*Default">
<Transform>
<Rotation>1 0 0 0 1 0 0 0 1</Rotation>
<Translation>0.030268576705820598 -0.021090231213406151 0.039612134160704499</Translation>
</Transform>
</Instance>
<Instance name="pernamk3-3" uid="pernamk3-3" entityUid="pernamk3*:*Default">
<Transform>
<Rotation>1 0 0 0 1 0 0 0 1</Rotation>
<Translation>0.030268576705820598 -0.021090231213406151 -0.020387865839295503</Translation>
</Transform>
</Instance>
<Instance name="pernamk3-4" uid="pernamk3-4" entityUid="pernamk3*:*Default">
<Transform>
<Rotation>1 0 0 0 1 0 0 0 1</Rotation>
<Translation>-0.05373142329417941 -0.020872531429514181 -0.020387865839295499</Translation>
</Transform>
</Instance>
</InstanceTree>
<Constraints>
<Coincident name="Coincident1">
<ConstraintGeometry geomType="cylinder">
<InstancePath>
<Uid>corpomk3-1</Uid>
</InstancePath>
<Position>-0.042000000000000003 0.010163818749847578 0.036000000000000004</Position>
<Axis>0 0 -1</Axis>
</ConstraintGeometry>
<ConstraintGeometry geomType="circle">
<InstancePath>
<Uid>pernamk3-1</Uid>
</InstancePath>
<Position>0 0.025999999999999999 0.0049999999999999975</Position>
<Axis>0 0 1</Axis>
</ConstraintGeometry>
</Coincident>
<Coincident name="Coincident2">
<ConstraintGeometry geomType="plane">
<InstancePath>
<Uid>corpomk3-1</Uid>
</InstancePath>
<Position>0.049999999999999989 0.02 0.025000000000000001</Position>
<Axis>1.3877787807814457e-16 0 1</Axis>
</ConstraintGeometry>
<ConstraintGeometry geomType="plane">
<InstancePath>
<Uid>pernamk3-1</Uid>
</InstancePath>
<Position>0 0 -0.0049999999999999975</Position>
<Axis>0 0 -1</Axis>
</ConstraintGeometry>
</Coincident>
<Concentric name="Concentric1">
<ConstraintGeometry geomType="cylinder">
<InstancePath>
<Uid>corpomk3-1</Uid>
</InstancePath>
<Position>0.042000000000000003 0.009946118965955611 0.035999999999999997</Position>
<Axis>0 0 -1</Axis>
</ConstraintGeometry>
<ConstraintGeometry geomType="cylinder">
<InstancePath>
<Uid>pernamk3-2</Uid>
</InstancePath>
<Position>0 0.025999999999999999 -0.0049999999999999975</Position>
<Axis>0 0 1</Axis>
</ConstraintGeometry>
</Concentric>
<Coincident name="Coincident4">
<ConstraintGeometry geomType="plane">
<InstancePath>
<Uid>corpomk3-1</Uid>
</InstancePath>
<Position>0.049999999999999989 0.02 0.025000000000000001</Position>
<Axis>1.3877787807814457e-16 0 1</Axis>
</ConstraintGeometry>
<ConstraintGeometry geomType="plane">
<InstancePath>
<Uid>pernamk3-2</Uid>
</InstancePath>
<Position>0 0 -0.0049999999999999975</Position>
<Axis>0 0 -1</Axis>
</ConstraintGeometry>
</Coincident>
<Concentric name="Concentric2">
<ConstraintGeometry geomType="cylinder">
<InstancePath>
<Uid>corpomk3-1</Uid>
</InstancePath>
<Position>-0.042000000000000003 0.010163818749847578 0.036000000000000004</Position>
<Axis>0 0 -1</Axis>
</ConstraintGeometry>
<ConstraintGeometry geomType="cylinder">
<InstancePath>
<Uid>pernamk3-4</Uid>
</InstancePath>
<Position>0 0.025999999999999999 -0.005000000000000001</Position>
<Axis>0 0 1</Axis>
</ConstraintGeometry>
</Concentric>
<Coincident name="Coincident5">
<ConstraintGeometry geomType="plane">
<InstancePath>
<Uid>corpomk3-1</Uid>
</InstancePath>
<Position>0.049999999999999989 0.02 -0.025000000000000001</Position>
<Axis>-1.0408340855860843e-16 0 -1</Axis>
</ConstraintGeometry>
<ConstraintGeometry geomType="plane">
<InstancePath>
<Uid>pernamk3-4</Uid>
</InstancePath>
<Position>0 0 0.005000000000000001</Position>
<Axis>0 0 1</Axis>
</ConstraintGeometry>
</Coincident>
<Concentric name="Concentric3">
<ConstraintGeometry geomType="cylinder">
<InstancePath>
<Uid>corpomk3-1</Uid>
</InstancePath>
<Position>0.042000000000000003 0.009946118965955611 0.035999999999999997</Position>
<Axis>0 0 -1</Axis>
</ConstraintGeometry>
<ConstraintGeometry geomType="cylinder">
<InstancePath>
<Uid>pernamk3-3</Uid>
</InstancePath>
<Position>0 0.025999999999999999 -0.005000000000000001</Position>
<Axis>0 0 1</Axis>
</ConstraintGeometry>
</Concentric>
<Coincident name="Coincident6">
<ConstraintGeometry geomType="plane">
<InstancePath>
<Uid>corpomk3-1</Uid>
</InstancePath>
<Position>0.049999999999999989 0.02 -0.025000000000000001</Position>
<Axis>-1.0408340855860843e-16 0 -1</Axis>
</ConstraintGeometry>
<ConstraintGeometry geomType="plane">
<InstancePath>
<Uid>pernamk3-3</Uid>
</InstancePath>
<Position>0 0 0.005000000000000001</Position>
<Axis>0 0 1</Axis>
</ConstraintGeometry>
</Coincident>
<Concentric name="Concentric4">
<ConstraintGeometry geomType="cylinder">
<InstancePath>
<Uid>pernamk3-1</Uid>
</InstancePath>
<Position>0 -0.026000000000000002 0.012999999999999998</Position>
<Axis>0 0 -1</Axis>
</ConstraintGeometry>
<ConstraintGeometry geomType="cylinder">
<InstancePath>
<Uid>pernadois-3</Uid>
</InstancePath>
<Position>0 0.021818015420870807 -0.0049999999999999975</Position>
<Axis>0 0 1</Axis>
</ConstraintGeometry>
</Concentric>
<Coincident name="Coincident7">
<ConstraintGeometry geomType="plane">
<InstancePath>
<Uid>pernamk3-1</Uid>
</InstancePath>
<Position>0 0 0.0049999999999999975</Position>
<Axis>0 0 1</Axis>
</ConstraintGeometry>
<ConstraintGeometry geomType="plane">
<InstancePath>
<Uid>pernadois-3</Uid>
</InstancePath>
<Position>0 0 -0.0049999999999999975</Position>
<Axis>0 0 -1</Axis>
</ConstraintGeometry>
</Coincident>
<Concentric name="Concentric5">
<ConstraintGeometry geomType="cylinder">
<InstancePath>
<Uid>pernamk3-2</Uid>
</InstancePath>
<Position>0 -0.025999999999999999 0.012999999999999998</Position>
<Axis>0 0 -1</Axis>
</ConstraintGeometry>
<ConstraintGeometry geomType="cylinder">
<InstancePath>
<Uid>pernadois-4</Uid>
</InstancePath>
<Position>0 0.021818015420870807 -0.0049999999999999975</Position>
<Axis>0 0 1</Axis>
</ConstraintGeometry>
</Concentric>
<Coincident name="Coincident9">
<ConstraintGeometry geomType="plane">
<InstancePath>
<Uid>pernamk3-2</Uid>
</InstancePath>
<Position>0 0 0.0049999999999999975</Position>
<Axis>0 0 1</Axis>
</ConstraintGeometry>
<ConstraintGeometry geomType="plane">
<InstancePath>
<Uid>pernadois-4</Uid>
</InstancePath>
<Position>0 0 -0.0049999999999999975</Position>
<Axis>0 0 -1</Axis>
</ConstraintGeometry>
</Coincident>
<Concentric name="Concentric6">
<ConstraintGeometry geomType="cylinder">
<InstancePath>
<Uid>pernamk3-4</Uid>
</InstancePath>
<Position>0 -0.026000000000000002 0.012999999999999999</Position>
<Axis>0 0 -1</Axis>
</ConstraintGeometry>
<ConstraintGeometry geomType="cylinder">
<InstancePath>
<Uid>pernadois-2</Uid>
</InstancePath>
<Position>0 0.021818015420870807 -0.0049999999999999975</Position>
<Axis>0 0 1</Axis>
</ConstraintGeometry>
</Concentric>
<Coincident name="Coincident10">
<ConstraintGeometry geomType="plane">
<InstancePath>
<Uid>pernamk3-4</Uid>
</InstancePath>
<Position>0 0 -0.005000000000000001</Position>
<Axis>0 0 -1</Axis>
</ConstraintGeometry>
<ConstraintGeometry geomType="plane">
<InstancePath>
<Uid>pernadois-2</Uid>
</InstancePath>
<Position>0 0 0.005000000000000001</Position>
<Axis>0 0 1</Axis>
</ConstraintGeometry>
</Coincident>
<Concentric name="Concentric7">
<ConstraintGeometry geomType="cylinder">
<InstancePath>
<Uid>pernamk3-3</Uid>
</InstancePath>
<Position>0 -0.025999999999999999 0.012999999999999999</Position>
<Axis>0 0 -1</Axis>
</ConstraintGeometry>
<ConstraintGeometry geomType="cylinder">
<InstancePath>
<Uid>pernadois-1</Uid>
</InstancePath>
<Position>0 0.021818015420870807 -0.005000000000000001</Position>
<Axis>0 0 1</Axis>
</ConstraintGeometry>
</Concentric>
<Coincident name="Coincident11">
<ConstraintGeometry geomType="plane">
<InstancePath>
<Uid>pernamk3-3</Uid>
</InstancePath>
<Position>0 0 -0.005000000000000001</Position>
<Axis>0 0 -1</Axis>
</ConstraintGeometry>
<ConstraintGeometry geomType="plane">
<InstancePath>
<Uid>pernadois-1</Uid>
</InstancePath>
<Position>0 0 0.005000000000000001</Position>
<Axis>0 0 1</Axis>
</ConstraintGeometry>
</Coincident>
</Constraints>
</RootAssembly>
<Assemblies>
</Assemblies>
<Parts>
<Part name="corpomk3" uid="corpomk3*:*Default" version="133">
<ModelUnits mass="kilogram" length="millimeter"/>
<PartFile name="corpomk3.SLDPRT" type="SolidWorks Part"/>
<MassProperties>
<Mass>0.10345575191894878</Mass>
<CenterOfMass>0 0.010001836135088213 0</CenterOfMass>
<Inertia>2.7437874875085058e-05 0.00011353377022230389 9.2805860988485954e-05 0 0 1.5798645364725946e-08</Inertia>
</MassProperties>
<GeometryFile name="corpomk3_Default_sldprt.STEP" type="STEP"/>
<VisualProperties>
<Ambient r="0.792156862745098" g="0.81960784313725488" b="0.93333333333333335" a="1"/>
<Diffuse r="0.792156862745098" g="0.81960784313725488" b="0.93333333333333335" a="1"/>
<Specular r="0.396078431372549" g="0.40980392156862744" b="0.46666666666666667" a="1"/>
<Emissive r="0" g="0" b="0" a="1"/>
<Shininess>0.3125</Shininess>
</VisualProperties>
</Part>
<Part name="pernadois" uid="pernadois*:*Default" version="108">
<ModelUnits mass="kilogram" length="millimeter"/>
<PartFile name="pernadois.SLDPRT" type="SolidWorks Part"/>
<MassProperties>
<Mass>0.016714601836602554</Mass>
<CenterOfMass>0 -0.0010252011629139849 0</CenterOfMass>
<Inertia>6.8887754847662951e-06 1.0458379434504543e-06 7.6560367309400406e-06 0 0 0</Inertia>
</MassProperties>
<GeometryFile name="pernadois_Default_sldprt.STEP" type="STEP"/>
<VisualProperties>
<Ambient r="0.792156862745098" g="0.81960784313725488" b="0.93333333333333335" a="1"/>
<Diffuse r="0.792156862745098" g="0.81960784313725488" b="0.93333333333333335" a="1"/>
<Specular r="0.396078431372549" g="0.40980392156862744" b="0.46666666666666667" a="1"/>
<Emissive r="0" g="0" b="0" a="1"/>
<Shininess>0.3125</Shininess>
</VisualProperties>
</Part>
<Part name="pernamk3" uid="pernamk3*:*Default" version="116">
<ModelUnits mass="kilogram" length="millimeter"/>
<PartFile name="pernamk3.SLDPRT" type="SolidWorks Part"/>
<MassProperties>
<Mass>0.017971238898038474</Mass>
<CenterOfMass>0 -0.0029543269747230702 0</CenterOfMass>
<Inertia>7.5582602530128451e-06 1.1621815913883963e-06 8.2248858145165963e-06 0 0 0</Inertia>
</MassProperties>
<GeometryFile name="pernamk3_Default_sldprt.STEP" type="STEP"/>
<VisualProperties>
<Ambient r="0.792156862745098" g="0.81960784313725488" b="0.93333333333333335" a="1"/>
<Diffuse r="0.792156862745098" g="0.81960784313725488" b="0.93333333333333335" a="1"/>
<Specular r="0.396078431372549" g="0.40980392156862744" b="0.46666666666666667" a="1"/>
<Emissive r="0" g="0" b="0" a="1"/>
<Shininess>0.3125</Shininess>
</VisualProperties>
</Part>
</Parts>
</SimscapeMultibodyImportXML>
