<?xml version="1.0" encoding="UTF-8" standalone="no" ?>
<SimscapeMultibodyImportXML version="2.0" xmlns="urn:mathworks:SimscapeMultibody:import" xmlns:xsi="http://www.w3.org/2001/XMLSchema-instance">
<Created by="" on="04/02/24||17:38:48" using="Simscape Multibody Link Version 7.4" from="SolidWorks 31.2.1"/>
<ModelUnits mass="kilogram" length="millimeter"/>
<DataUnits mass="kilogram" length="meter"/>
<RootAssembly name="ROBOO" uid="ROBOO" version="106">
<AssemblyFile name="ROBOO.SLDASM" type="SolidWorks Assembly"/>
<InstanceTree>
<Instance name="corpo-1" uid="corpo-1" grounded="true" entityUid="corpo*:*Default">
<Transform>
<Rotation>1 0 0 0 1 0 0 0 1</Rotation>
<Translation>-0.033929329832069491 -0.0043430644648356082 0.0051520115962944146</Translation>
</Transform>
</Instance>
<Instance name="perna-1" uid="perna-1" entityUid="perna*:*Default">
<Transform>
<Rotation>1 0 0 0 0 1 0 -1 0</Rotation>
<Translation>-0.033929329832093028 0.030656935535164395 0.083100758748913997</Translation>
</Transform>
</Instance>
</InstanceTree>
<Constraints>
<Concentric name="Concentric1">
<ConstraintGeometry geomType="cylinder">
<InstancePath>
<Uid>corpo-1</Uid>
</InstancePath>
<Position>-0.090273348519385718 0.017500000000000002 0.067499999999999991</Position>
<Axis>0 0 -1</Axis>
</ConstraintGeometry>
<ConstraintGeometry geomType="cylinder">
<InstancePath>
<Uid>perna-1</Uid>
</InstancePath>
<Position>-0.090273348519362182 0.018000000000000002 -0.017500000000000002</Position>
<Axis>0 -1 0</Axis>
</ConstraintGeometry>
</Concentric>
<Coincident name="Coincident1">
<ConstraintGeometry geomType="plane">
<InstancePath>
<Uid>corpo-1</Uid>
</InstancePath>
<Position>-0.11027334851938574 0.035000000000000003 0.05994874715261958</Position>
<Axis>0 0 1</Axis>
</ConstraintGeometry>
<ConstraintGeometry geomType="plane">
<InstancePath>
<Uid>perna-1</Uid>
</InstancePath>
<Position>-0.090273348519362182 0.018000000000000002 -0.017500000000000002</Position>
<Axis>0 1 0</Axis>
</ConstraintGeometry>
</Coincident>
</Constraints>
</RootAssembly>
<Assemblies>
</Assemblies>
<Parts>
<Part name="corpo" uid="corpo*:*Default" version="142">
<ModelUnits mass="kilogram" length="millimeter"/>
<PartFile name="corpo.SLDPRT" type="SolidWorks Part"/>
<MassProperties>
<Mass>0.90575138265834054</Mass>
<CenterOfMass>0.0072313480174275215 0.017500000000000002 0.0049196744477142127</CenterOfMass>
<Inertia>0.0010085665889768083 0.005089927883863375 0.0042660842158740416 0 6.9909626734399074e-08 0</Inertia>
</MassProperties>
<GeometryFile name="corpo_Default_sldprt.STEP" type="STEP"/>
<VisualProperties>
<Ambient r="0.792156862745098" g="0.81960784313725488" b="0.93333333333333335" a="1"/>
<Diffuse r="0.792156862745098" g="0.81960784313725488" b="0.93333333333333335" a="1"/>
<Specular r="0.396078431372549" g="0.40980392156862744" b="0.46666666666666667" a="1"/>
<Emissive r="0" g="0" b="0" a="1"/>
<Shininess>0.3125</Shininess>
</VisualProperties>
</Part>
<Part name="perna" uid="perna*:*Default" version="112">
<ModelUnits mass="kilogram" length="millimeter"/>
<PartFile name="perna.SLDPRT" type="SolidWorks Part"/>
<MassProperties>
<Mass>0.02533669174466675</Mass>
<CenterOfMass>-0.090282012494773939 0.0089999999999999976 -0.048708387184626924</CenterOfMass>
<Inertia>1.3018890158883366e-05 1.3078954290796223e-05 1.4282454861248615e-06 0 -6.269274106652712e-09 0</Inertia>
</MassProperties>
<GeometryFile name="perna_Default_sldprt.STEP" type="STEP"/>
<VisualProperties>
<Ambient r="0.792156862745098" g="0.81960784313725488" b="0.93333333333333335" a="1"/>
<Diffuse r="0.792156862745098" g="0.81960784313725488" b="0.93333333333333335" a="1"/>
<Specular r="0.396078431372549" g="0.40980392156862744" b="0.46666666666666667" a="1"/>
<Emissive r="0" g="0" b="0" a="1"/>
<Shininess>0.3125</Shininess>
</VisualProperties>
</Part>
</Parts>
</SimscapeMultibodyImportXML>
