<?xml version="1.0" encoding="UTF-8" standalone="no" ?>
<SimscapeMultibodyImportXML version="2.0" xmlns="urn:mathworks:SimscapeMultibody:import" xmlns:xsi="http://www.w3.org/2001/XMLSchema-instance">
<Created by="" on="04/12/24||18:40:46" using="Simscape Multibody Link Version 7.4" from="SolidWorks 31.2.1"/>
<ModelUnits mass="kilogram" length="millimeter"/>
<DataUnits mass="kilogram" length="meter"/>
<RootAssembly name="Modelodois" uid="Modelodois" version="108">
<AssemblyFile name="Modelodois.SLDASM" type="SolidWorks Assembly"/>
<InstanceTree>
<Instance name="pernadois-1" uid="pernadois-1" entityUid="pernadois*:*Default">
<Transform>
<Rotation>0.6693623730198196 0.74293607637890102 0 -0.74293607637890102 0.6693623730198196 0 0 0 1</Rotation>
<Translation>-0.057491715732745419 -0.0044403398268495296 0.03000000000000002</Translation>
</Transform>
</Instance>
<Instance name="corpodois-1" uid="corpodois-1" grounded="true" entityUid="corpodois*:*Default">
<Transform>
<Rotation>1 0 0 0 1 0 0 0 1</Rotation>
<Translation>0 0 0</Translation>
</Transform>
</Instance>
</InstanceTree>
<Constraints>
<Concentric name="Concentric1">
<ConstraintGeometry geomType="cylinder">
<InstancePath>
<Uid>corpodois-1</Uid>
</InstancePath>
<Position>-0.041282324961589303 0.010163818749847578 0.036000000000000004</Position>
<Axis>0 0 -1</Axis>
</ConstraintGeometry>
<ConstraintGeometry geomType="cylinder">
<InstancePath>
<Uid>pernadois-1</Uid>
</InstancePath>
<Position>0 0.021818015420870814 -0.005000000000000001</Position>
<Axis>0 0 1</Axis>
</ConstraintGeometry>
</Concentric>
<Coincident name="Coincident1">
<ConstraintGeometry geomType="plane">
<InstancePath>
<Uid>corpodois-1</Uid>
</InstancePath>
<Position>0.049999999999999989 0.02 0.025000000000000001</Position>
<Axis>1.3877787807814457e-16 0 1</Axis>
</ConstraintGeometry>
<ConstraintGeometry geomType="plane">
<InstancePath>
<Uid>pernadois-1</Uid>
</InstancePath>
<Position>0 0 -0.005000000000000001</Position>
<Axis>0 0 -1</Axis>
</ConstraintGeometry>
</Coincident>
</Constraints>
</RootAssembly>
<Assemblies>
</Assemblies>
<Parts>
<Part name="corpodois" uid="corpodois*:*Default" version="117">
<ModelUnits mass="kilogram" length="millimeter"/>
<PartFile name="corpodois.SLDPRT" type="SolidWorks Part"/>
<MassProperties>
<Mass>0.10172787595947438</Mass>
<CenterOfMass>-0.00070119164663142071 0.010002782506534254 0</CenterOfMass>
<Inertia>2.580229083464665e-05 0.00010869692739363138 8.9582992840493193e-05 0 0 1.1486833895470886e-08</Inertia>
</MassProperties>
<GeometryFile name="corpodois_Default_sldprt.STEP" type="STEP"/>
<VisualProperties>
<Ambient r="0.792156862745098" g="0.81960784313725488" b="0.93333333333333335" a="1"/>
<Diffuse r="0.792156862745098" g="0.81960784313725488" b="0.93333333333333335" a="1"/>
<Specular r="0.396078431372549" g="0.40980392156862744" b="0.46666666666666667" a="1"/>
<Emissive r="0" g="0" b="0" a="1"/>
<Shininess>0.3125</Shininess>
</VisualProperties>
</Part>
<Part name="pernadois" uid="pernadois*:*Default" version="108">
<ModelUnits mass="kilogram" length="millimeter"/>
<PartFile name="pernadois.SLDPRT" type="SolidWorks Part"/>
<MassProperties>
<Mass>0.016714601836602554</Mass>
<CenterOfMass>0 -0.0010252011629139851 0</CenterOfMass>
<Inertia>6.8887754847662951e-06 1.0458379434504543e-06 7.6560367309400406e-06 0 0 0</Inertia>
</MassProperties>
<GeometryFile name="pernadois_Default_sldprt.STEP" type="STEP"/>
<VisualProperties>
<Ambient r="0.792156862745098" g="0.81960784313725488" b="0.93333333333333335" a="1"/>
<Diffuse r="0.792156862745098" g="0.81960784313725488" b="0.93333333333333335" a="1"/>
<Specular r="0.396078431372549" g="0.40980392156862744" b="0.46666666666666667" a="1"/>
<Emissive r="0" g="0" b="0" a="1"/>
<Shininess>0.3125</Shininess>
</VisualProperties>
</Part>
</Parts>
</SimscapeMultibodyImportXML>
