<?xml version="1.0" encoding="UTF-8" standalone="no" ?>
<SimscapeMultibodyImportXML version="2.0" xmlns="urn:mathworks:SimscapeMultibody:import" xmlns:xsi="http://www.w3.org/2001/XMLSchema-instance">
<Created by="" on="04/18/24||15:43:17" using="Simscape Multibody Link Version 7.4" from="SolidWorks 31.2.1"/>
<ModelUnits mass="kilogram" length="millimeter"/>
<DataUnits mass="kilogram" length="meter"/>
<RootAssembly name="modeloMK4" uid="modeloMK4" version="140">
<AssemblyFile name="modeloMK4.SLDASM" type="SolidWorks Assembly"/>
<InstanceTree>
<Instance name="pernamk3-2" uid="pernamk3-2" entityUid="pernamk3*:*Default">
<Transform>
<Rotation>1 0 0 0 -1.04744440165294e-14 -1 0 1 -1.04744440165294e-14</Rotation>
<Translation>0.021701139648827604 -0.0024284741307653429 -0.065394587794579989</Translation>
</Transform>
</Instance>
<Instance name="pernamk3-3" uid="pernamk3-3" entityUid="pernamk3*:*Default">
<Transform>
<Rotation>1 0 0 0 -1.04744440165294e-14 -1 0 1 -1.04744440165294e-14</Rotation>
<Translation>0.10570113964882759 -0.0024284741307653533 -0.065612287578471956</Translation>
</Transform>
</Instance>
<Instance name="pernadois-1" uid="pernadois-1" entityUid="pernadois*:*Default">
<Transform>
<Rotation>1 0 0 0 -1.04744440165294e-14 -1 0 1 -1.04744440165294e-14</Rotation>
<Translation>0.10570113964882759 0.067571525869235177 -0.11343030299934202</Translation>
</Transform>
</Instance>
<Instance name="pernadois-4" uid="pernadois-4" entityUid="pernadois*:*Default">
<Transform>
<Rotation>1 0 0 0 -1.04744440165294e-14 -1 0 1 -1.04744440165294e-14</Rotation>
<Translation>0.021701139648827604 0.067571525869235177 -0.11321260321545006</Translation>
</Transform>
</Instance>
<Instance name="pernamk3-4" uid="pernamk3-4" entityUid="pernamk3*:*Default">
<Transform>
<Rotation>1 0 0 0 -1.04744440165294e-14 -1 0 1 -1.04744440165294e-14</Rotation>
<Translation>0.10570113964882759 0.057571525869234683 -0.065612287578471332</Translation>
</Transform>
</Instance>
<Instance name="pernadois-2" uid="pernadois-2" entityUid="pernadois*:*Default">
<Transform>
<Rotation>1 0 0 0 -1.04744440165294e-14 -1 0 1 -1.04744440165294e-14</Rotation>
<Translation>0.021701139648827604 -0.012428474130764845 -0.1132126032154509</Translation>
</Transform>
</Instance>
<Instance name="pernadois-3" uid="pernadois-3" entityUid="pernadois*:*Default">
<Transform>
<Rotation>1 0 0 0 -1.04744440165294e-14 -1 0 1 -1.04744440165294e-14</Rotation>
<Translation>0.10570113964882759 -0.012428474130764852 -0.11343030299934287</Translation>
</Transform>
</Instance>
<Instance name="corpomk3-1" uid="corpomk3-1" grounded="true" entityUid="corpomk3*:*Default">
<Transform>
<Rotation>-1 0 0 0 1.04744440165294e-14 -1 0 -1 -1.04744440165294e-14</Rotation>
<Translation>0.063701139648827607 0.027571525869234288 -0.029448468828624071</Translation>
</Transform>
</Instance>
<Instance name="pernamk3-1" uid="pernamk3-1" entityUid="pernamk3*:*Default">
<Transform>
<Rotation>1 0 0 0 -1.04744440165294e-14 -1 0 1 -1.04744440165294e-14</Rotation>
<Translation>0.021701139648827604 0.057571525869234669 -0.065394587794579365</Translation>
</Transform>
</Instance>
</InstanceTree>
<Constraints>
<Concentric name="Concentric4">
<ConstraintGeometry geomType="cylinder">
<InstancePath>
<Uid>corpomk3-1</Uid>
</InstancePath>
<Position>0.042000000000000003 0.0099461189659556075 0.035999999999999997</Position>
<Axis>0 0 -1</Axis>
</ConstraintGeometry>
<ConstraintGeometry geomType="cylinder">
<InstancePath>
<Uid>pernamk3-2</Uid>
</InstancePath>
<Position>0 0.025999999999999995 -0.0050000000000000001</Position>
<Axis>0 0 1</Axis>
</ConstraintGeometry>
</Concentric>
<Coincident name="Coincident5">
<ConstraintGeometry geomType="plane">
<InstancePath>
<Uid>corpomk3-1</Uid>
</InstancePath>
<Position>0.049999999999999989 0.02 0.025000000000000001</Position>
<Axis>1.3877787807814457e-16 0 1</Axis>
</ConstraintGeometry>
<ConstraintGeometry geomType="plane">
<InstancePath>
<Uid>pernamk3-2</Uid>
</InstancePath>
<Position>0 0 -0.0050000000000000001</Position>
<Axis>0 0 -1</Axis>
</ConstraintGeometry>
</Coincident>
<Concentric name="Concentric5">
<ConstraintGeometry geomType="cylinder">
<InstancePath>
<Uid>corpomk3-1</Uid>
</InstancePath>
<Position>0.042000000000000003 0.0099461189659556075 0.035999999999999997</Position>
<Axis>0 0 -1</Axis>
</ConstraintGeometry>
<ConstraintGeometry geomType="cylinder">
<InstancePath>
<Uid>pernamk3-1</Uid>
</InstancePath>
<Position>0 0.025999999999999995 -0.0049999999999999975</Position>
<Axis>0 0 1</Axis>
</ConstraintGeometry>
</Concentric>
<Coincident name="Coincident6">
<ConstraintGeometry geomType="plane">
<InstancePath>
<Uid>corpomk3-1</Uid>
</InstancePath>
<Position>0.049999999999999989 0.02 -0.024999999999999998</Position>
<Axis>-1.0408340855860843e-16 0 -1</Axis>
</ConstraintGeometry>
<ConstraintGeometry geomType="plane">
<InstancePath>
<Uid>pernamk3-1</Uid>
</InstancePath>
<Position>0 0 0.0049999999999999975</Position>
<Axis>0 0 1</Axis>
</ConstraintGeometry>
</Coincident>
<Concentric name="Concentric6">
<ConstraintGeometry geomType="cylinder">
<InstancePath>
<Uid>corpomk3-1</Uid>
</InstancePath>
<Position>-0.041999999999999996 0.010163818749847574 0.036000000000000004</Position>
<Axis>0 0 -1</Axis>
</ConstraintGeometry>
<ConstraintGeometry geomType="cylinder">
<InstancePath>
<Uid>pernamk3-4</Uid>
</InstancePath>
<Position>0 0.025999999999999995 -0.0049999999999999975</Position>
<Axis>0 0 1</Axis>
</ConstraintGeometry>
</Concentric>
<Coincident name="Coincident7">
<ConstraintGeometry geomType="plane">
<InstancePath>
<Uid>corpomk3-1</Uid>
</InstancePath>
<Position>0.049999999999999989 0.02 -0.024999999999999998</Position>
<Axis>-1.0408340855860843e-16 0 -1</Axis>
</ConstraintGeometry>
<ConstraintGeometry geomType="plane">
<InstancePath>
<Uid>pernamk3-4</Uid>
</InstancePath>
<Position>0 0 0.0049999999999999975</Position>
<Axis>0 0 1</Axis>
</ConstraintGeometry>
</Coincident>
<Concentric name="Concentric7">
<ConstraintGeometry geomType="cylinder">
<InstancePath>
<Uid>corpomk3-1</Uid>
</InstancePath>
<Position>-0.041999999999999996 0.010163818749847574 0.036000000000000004</Position>
<Axis>0 0 -1</Axis>
</ConstraintGeometry>
<ConstraintGeometry geomType="cylinder">
<InstancePath>
<Uid>pernamk3-3</Uid>
</InstancePath>
<Position>0 0.025999999999999995 -0.0050000000000000001</Position>
<Axis>0 0 1</Axis>
</ConstraintGeometry>
</Concentric>
<Coincident name="Coincident9">
<ConstraintGeometry geomType="plane">
<InstancePath>
<Uid>corpomk3-1</Uid>
</InstancePath>
<Position>0.049999999999999989 0.02 0.025000000000000001</Position>
<Axis>1.3877787807814457e-16 0 1</Axis>
</ConstraintGeometry>
<ConstraintGeometry geomType="plane">
<InstancePath>
<Uid>pernamk3-3</Uid>
</InstancePath>
<Position>0 0 -0.0050000000000000001</Position>
<Axis>0 0 -1</Axis>
</ConstraintGeometry>
</Coincident>
<Concentric name="Concentric8">
<ConstraintGeometry geomType="cylinder">
<InstancePath>
<Uid>pernamk3-4</Uid>
</InstancePath>
<Position>0 -0.026000000000000009 0.012999999999999998</Position>
<Axis>0 0 -1</Axis>
</ConstraintGeometry>
<ConstraintGeometry geomType="cylinder">
<InstancePath>
<Uid>pernadois-1</Uid>
</InstancePath>
<Position>0 0.021818015420870807 -0.0050000000000000044</Position>
<Axis>0 0 1</Axis>
</ConstraintGeometry>
</Concentric>
<Coincident name="Coincident10">
<ConstraintGeometry geomType="plane">
<InstancePath>
<Uid>pernamk3-4</Uid>
</InstancePath>
<Position>0 0 -0.0049999999999999975</Position>
<Axis>0 0 -1</Axis>
</ConstraintGeometry>
<ConstraintGeometry geomType="plane">
<InstancePath>
<Uid>pernadois-1</Uid>
</InstancePath>
<Position>0 0 0.0050000000000000044</Position>
<Axis>0 0 1</Axis>
</ConstraintGeometry>
</Coincident>
<Concentric name="Concentric9">
<ConstraintGeometry geomType="cylinder">
<InstancePath>
<Uid>pernamk3-1</Uid>
</InstancePath>
<Position>0 -0.026000000000000009 0.012999999999999998</Position>
<Axis>0 0 -1</Axis>
</ConstraintGeometry>
<ConstraintGeometry geomType="cylinder">
<InstancePath>
<Uid>pernadois-4</Uid>
</InstancePath>
<Position>0 0.021818015420870807 -0.0049999999999999906</Position>
<Axis>0 0 1</Axis>
</ConstraintGeometry>
</Concentric>
<Coincident name="Coincident11">
<ConstraintGeometry geomType="plane">
<InstancePath>
<Uid>pernamk3-1</Uid>
</InstancePath>
<Position>0 0 -0.0050000000000000114</Position>
<Axis>0 0 -1</Axis>
</ConstraintGeometry>
<ConstraintGeometry geomType="plane">
<InstancePath>
<Uid>pernadois-4</Uid>
</InstancePath>
<Position>0 0 0.0050000000000000044</Position>
<Axis>0 0 1</Axis>
</ConstraintGeometry>
</Coincident>
<Concentric name="Concentric10">
<ConstraintGeometry geomType="cylinder">
<InstancePath>
<Uid>pernamk3-2</Uid>
</InstancePath>
<Position>0 -0.025999999999999995 0.012999999999999999</Position>
<Axis>0 0 -1</Axis>
</ConstraintGeometry>
<ConstraintGeometry geomType="cylinder">
<InstancePath>
<Uid>pernadois-2</Uid>
</InstancePath>
<Position>0 0.02181801542087082 -0.005000000000000001</Position>
<Axis>0 0 1</Axis>
</ConstraintGeometry>
</Concentric>
<Coincident name="Coincident12">
<ConstraintGeometry geomType="plane">
<InstancePath>
<Uid>pernamk3-2</Uid>
</InstancePath>
<Position>0 0 0.005000000000000001</Position>
<Axis>0 0 1</Axis>
</ConstraintGeometry>
<ConstraintGeometry geomType="plane">
<InstancePath>
<Uid>pernadois-2</Uid>
</InstancePath>
<Position>0 0 -0.005000000000000001</Position>
<Axis>0 0 -1</Axis>
</ConstraintGeometry>
</Coincident>
<Concentric name="Concentric11">
<ConstraintGeometry geomType="cylinder">
<InstancePath>
<Uid>pernamk3-3</Uid>
</InstancePath>
<Position>0 -0.025999999999999995 0.012999999999999999</Position>
<Axis>0 0 -1</Axis>
</ConstraintGeometry>
<ConstraintGeometry geomType="cylinder">
<InstancePath>
<Uid>pernadois-3</Uid>
</InstancePath>
<Position>0 0.02181801542087082 -0.005000000000000001</Position>
<Axis>0 0 1</Axis>
</ConstraintGeometry>
</Concentric>
<Coincident name="Coincident13">
<ConstraintGeometry geomType="plane">
<InstancePath>
<Uid>pernamk3-3</Uid>
</InstancePath>
<Position>0 0 0.0049999999999999992</Position>
<Axis>0 0 1</Axis>
</ConstraintGeometry>
<ConstraintGeometry geomType="plane">
<InstancePath>
<Uid>pernadois-3</Uid>
</InstancePath>
<Position>0 0 -0.0050000000000000001</Position>
<Axis>0 0 -1</Axis>
</ConstraintGeometry>
</Coincident>
</Constraints>
</RootAssembly>
<Assemblies>
</Assemblies>
<Parts>
<Part name="corpomk3" uid="corpomk3*:*Default" version="133">
<ModelUnits mass="kilogram" length="millimeter"/>
<PartFile name="corpomk3.SLDPRT" type="SolidWorks Part"/>
<MassProperties>
<Mass>0.10345575191894878</Mass>
<CenterOfMass>0 0.010001836135088213 0</CenterOfMass>
<Inertia>2.7437874875085062e-05 0.00011353377022230386 9.2805860988485927e-05 0 0 1.5798645364725949e-08</Inertia>
</MassProperties>
<GeometryFile name="corpomk3_Default_sldprt.STEP" type="STEP"/>
<VisualProperties>
<Ambient r="0.792156862745098" g="0.81960784313725488" b="0.93333333333333335" a="1"/>
<Diffuse r="0.792156862745098" g="0.81960784313725488" b="0.93333333333333335" a="1"/>
<Specular r="0.396078431372549" g="0.40980392156862744" b="0.46666666666666667" a="1"/>
<Emissive r="0" g="0" b="0" a="1"/>
<Shininess>0.3125</Shininess>
</VisualProperties>
</Part>
<Part name="pernadois" uid="pernadois*:*Default" version="108">
<ModelUnits mass="kilogram" length="millimeter"/>
<PartFile name="pernadois.SLDPRT" type="SolidWorks Part"/>
<MassProperties>
<Mass>0.016714601836602554</Mass>
<CenterOfMass>0 -0.0010252011629139849 0</CenterOfMass>
<Inertia>6.8887754847662951e-06 1.0458379434504543e-06 7.6560367309400406e-06 0 0 0</Inertia>
</MassProperties>
<GeometryFile name="pernadois_Default_sldprt.STEP" type="STEP"/>
<VisualProperties>
<Ambient r="0.792156862745098" g="0.81960784313725488" b="0.93333333333333335" a="1"/>
<Diffuse r="0.792156862745098" g="0.81960784313725488" b="0.93333333333333335" a="1"/>
<Specular r="0.396078431372549" g="0.40980392156862744" b="0.46666666666666667" a="1"/>
<Emissive r="0" g="0" b="0" a="1"/>
<Shininess>0.3125</Shininess>
</VisualProperties>
</Part>
<Part name="pernamk3" uid="pernamk3*:*Default" version="116">
<ModelUnits mass="kilogram" length="millimeter"/>
<PartFile name="pernamk3.SLDPRT" type="SolidWorks Part"/>
<MassProperties>
<Mass>0.017971238898038474</Mass>
<CenterOfMass>0 -0.0029543269747230698 0</CenterOfMass>
<Inertia>7.5582602530128451e-06 1.1621815913883963e-06 8.2248858145165963e-06 0 0 0</Inertia>
</MassProperties>
<GeometryFile name="pernamk3_Default_sldprt.STEP" type="STEP"/>
<VisualProperties>
<Ambient r="0.792156862745098" g="0.81960784313725488" b="0.93333333333333335" a="1"/>
<Diffuse r="0.792156862745098" g="0.81960784313725488" b="0.93333333333333335" a="1"/>
<Specular r="0.396078431372549" g="0.40980392156862744" b="0.46666666666666667" a="1"/>
<Emissive r="0" g="0" b="0" a="1"/>
<Shininess>0.3125</Shininess>
</VisualProperties>
</Part>
</Parts>
</SimscapeMultibodyImportXML>
